page	line	previous	source	mark_on
bnf-f0014	c1-l044	algũa	algũa	u
bnf-f0014	c2-l029	algũa	algũa	u
bnf-f0014	c2-l039	algũa	algũa	u
bnf-f0014	c2-l042	algũa	algũa	u
bnf-f0015	c1-l010	algũa	algũa	u
bnf-f0016	c1-l008	algũa	algũa	u
bnf-f0016	c1-l010	algũa	algũa	u
bnf-f0016	c1-l032	algũa	algũa	u
bnf-f0016	c1-l034	algũa	algũa	u
bnf-f0016	c2-l046	dalgũa	dalgũa	u
bnf-f0017	c1-l011	dalgũa	dalgũa	u
bnf-f0018	c1-l025	algũa	algũa	u
bnf-f0019	c2b-l009	nalgũa	nalguã	a
bnf-f0019	c2b-l011	algũa	alguã	a
bnf-f0019	c2b-l016	algũa	alguã	a
bnf-f0019	c2b-l030	algũa	alguã	a
bnf-f0020	c1-l007	dalgũa	dalgũa	u
bnf-f0020	c1-l024	algũa	alguã	a
bnf-f0020	c1-l027	algũa	algũa	u
bnf-f0020	c1-l038	dalgũa	dalgũa	u
bnf-f0020	c2-l003	algũa	alguã	a
bnf-f0020	c2-l005	algũa	algũa	u
bnf-f0020	c2-l035	dalgũa	dalgũa	u
bnf-f0020	c2-l038	algũa	algũa	u
bnf-f0021	c2b-l032	algũa	algũa	u
bnf-f0021	c2b-l041	algũa	algũa	u
bnf-f0023	c1-l002	algũa	algũa	u
bnf-f0023	c2-l035	algũa	algũa	u
bnf-f0024	c1-l006	algũa	algũa	u
bnf-f0024	c1-l007	algũa	algũa	u
bnf-f0024	c2-l023	algũa	algũa	u
bnf-f0024	c2-l028	algũa	algũa	u
bnf-f0024	c2-l034	algũa	algũa	u
bnf-f0024	c2-l044	algũa	algũa	u
bnf-f0025	c1-l028	dalgũa	dalgũa	u
bnf-f0025	c1-l038	algũa	algũa	u
bnf-f0025	c2b-l007	algũa	algũa	u
bnf-f0026	c2-l013	algũa	algũa	u
bnf-f0027	c2-l032	algũa	algũa	u
bnf-f0027	c2-l046	algũas	algũas	u
bnf-f0028	c2-l033	algũa	alguã	a
bnf-f0029	c1-l011	nalgũa	nalguã	a
bnf-f0029	c1-l045	algũa	alguã	a
bnf-f0029	c2-l026	algũa	algũa	u
bnf-f0030	c1-l010	algũa	algũa	u
bnf-f0030	c1-l018	algũa	algũa	u
bnf-f0030	c2-l009	algũa	algũa	u
bnf-f0030	c2-l046	algũa	algũa	u
bnf-f0031	c2q-l005	algũa	algũa	u
bnf-f0031	c2q-l007	algũa	algũa	u
bnf-f0032	c1-l030	algũa	algũa	u
bnf-f0032	c1-l046	algũa	algũa	u
bnf-f0032	c2-l034	algũa	algũa	u
bnf-f0032	c2-l044	algũa	algũa	u
bnf-f0033	c1b-l010	algũa	algũa	u
bnf-f0034	c1-l027	algũa	algũa	u
bnf-f0034	c2-l034	algũa	alguã	a
bnf-f0035	c2-l017	algũa	algũa	u
bnf-f0036	c1-l005	algũa	algũa	u
bnf-f0036	c1-l023	algũa	algũa	u
bnf-f0036	c1-l027	algũa	algũa	u
bnf-f0036	c1-l044	algũa	algũa	u
bnf-f0036	c2a-l009	algũa	algũa	u
bnf-f0036	c2b-l011	algũa	alguã	a
bnf-f0037	c1-l027	Algũa	Algũa	u
bnf-f0038	c1-l028	algũa	algũa	u
bnf-f0038	c2b-l015	algũa	algũa	u
bnf-f0038	c2b-l027	algũa	algũa	u
bnf-f0039	c1-l019	algũa	algũa	u
bnf-f0039	c1-l025	algũa	algũa	u
bnf-f0039	c2-l005	dalgũa	dalgũa	u
bnf-f0039	c2-l045	algũa	algũa	u
bnf-f0039	c2-l046	algũa	algũa	u
bnf-f0040	c1-l024	algũa	algũa	u
bnf-f0040	c2-l007	algũa	algũa	u
bnf-f0040	c2-l009	dalgũa	dalgũa	u
bnf-f0040	c2-l039	algũa	algũa	u
bnf-f0041	c1-l001	algũa	algũa	u
bnf-f0041	c2-l036	algũa	algũa	u
bnf-f0041	c2-l041	algũa	algũa	u
bnf-f0042	c1-l004	algũas	algũas	u
bnf-f0042	c1-l012	algũa	algũa	u
bnf-f0042	c2-l033	algũa	alguã	a
bnf-f0042	c2-l038	algũa	algũa	u
bnf-f0043	c2b-l007	dalgũa	dalgũa	u
bnf-f0043	c2b-l025	algũa	algũa	u
bnf-f0045	c2-l018	dalgũa	dalgũa	u
bnf-f0045	c2-l020	dalgũa	dalguã	a
bnf-f0046	c1a-l028	algũa	alguã	a
bnf-f0046	c1a-l032	algũa	alguã	a
bnf-f0047	c1a-l004	dalgũa	dalgũa	u
bnf-f0047	c1a-l007	algũa	algũa	u
bnf-f0047	c1b-l008	dalgũa	dalgũa	u
bnf-f0047	c2-l003	algũa	algũa	u
bnf-f0048	c1-l011	dalgũa	dalgũa	u
bnf-f0048	c2-l025	algũas	algũas	u
bnf-f0048	c2-l033	algũa	algũa	u
bnf-f0049	c2-l009	algũa	algũa	u
bnf-f0051	c2-l018	algũa	algũa	u
bnf-f0051	c2-l022	algũa	algũa	u
bnf-f0051	c2-l024	algũa	algũa	u
bnf-f0052	c2-l012	dalgũa	dalguã	a
bnf-f0052	c2-l014	dalgũa	dalguã	a
bnf-f0052	c2-l016	algũa	alguã	a
bnf-f0052	c2-l018	algũa	algũa	u
bnf-f0052	c2-l020	dalgũa	dalgũa	u
bnf-f0053	c1a-l010	dalgũa	dalgũa	u
bnf-f0053	c1b-l003	dalgũa	dalguã	a
bnf-f0054	c1-l017	algũa	alguã	a
bnf-f0054	c1-l023	algũa	alguã	a
bnf-f0054	c2-l040	algũa	alguã	a
bnf-f0055	c1a-l004	algũa	alguã	a
bnf-f0055	c1a-l013	algũa	algũa	u
bnf-f0055	c1a-l017	nalgũa	nalguã	a
bnf-f0056	c1-l026	algũa	alguã	a
bnf-f0056	c2-l046	algũa	algũa	u
bnf-f0057	c2-l003	algũa	alguã	a
bnf-f0058	c1-l012	Algũa	Alguã	a
bnf-f0058	c1-l013	algũa	alguã	a
bnf-f0058	c2a-l016	algũa	algũa	u
bnf-f0059	c1-l026	algũa	alguã	a
bnf-f0059	c1-l035	algũa	algũa	u
bnf-f0059	c1-l043	algũas	alguãs	a
bnf-f0059	c2-l005	algũa	algũa	u
bnf-f0060	c2-l035	algũa	alguã	a
bnf-f0060	c2-l043	algũa	alguã	a
bnf-f0061	c1-l015	algũa	alguã	a
bnf-f0061	c2-l014	algũa	algũa	u
bnf-f0061	c2-l017	algũa	algũa	u
bnf-f0061	c2-l024	algũa	alguã	a
bnf-f0062	c2b-l012	algũa	algũa	u
bnf-f0063	c2-l017	algũa	algũa	u
bnf-f0063	c2-l018	algũa	algũa	u
bnf-f0063	c2-l025	algũa	algũa	u
bnf-f0064	c2-l013	algũa	alguã	a
bnf-f0065	c2-l024	algũa	algũa	u
bnf-f0065	c2-l029	algũa	alguã	a
bnf-f0067	c2-l032	algũa	algũa	u
bnf-f0068	c1-l030	algũa	alguã	a
bnf-f0068	c1-l032	algũa	algũa	u
bnf-f0068	c2b-l011	algũa	algũa	u
bnf-f0069	c1-l041	algũa	algũa	u
bnf-f0069	c1-l046	algũa	alguã	a
bnf-f0069	c1-l047	algũa	alguã	a
bnf-f0069	c2-l017	algũa	alguã	a
bnf-f0069	c2-l047	algũa	alguã	a
bnf-f0070	c1-l029	nalgũa	nalguã	a
bnf-f0070	c1-l035	algũa	alguã	a
bnf-f0070	c1-l036	algũa	alguã	a
bnf-f0070	c1-l047	algũa	alguã	a
bnf-f0070	c2-l004	algũa	alguã	a
bnf-f0070	c2-l020	algũa	algũa	u
bnf-f0071	c1-l003	algũa	alguã	a
bnf-f0071	c1-l010	algũa	algũa	u
bnf-f0071	c1-l011	algũa	algũa	u
bnf-f0071	c1-l017	algũa	alguã	a
bnf-f0071	c1-l025	algũa	algũa	u
bnf-f0072	c1-l024	algũa	alguã	a
bnf-f0072	c2-l017	algũa	algũa	u
bnf-f0073	c1-l037	algũa	algũa	u
bnf-f0073	c1-l040	algũa	alguã	a
bnf-f0073	c1-l044	algũa	algũa	u
bnf-f0073	c1-l046	algũa	algũa	u
bnf-f0073	c2-l015	algũa	algũa	u
bnf-f0073	c2-l017	algũa	algũa	u
bnf-f0073	c2-l023	Algũa	Algũa	u
bnf-f0073	c2-l024	algũa	algũa	u
bnf-f0073	c2-l027	algũa	algũa	u
bnf-f0073	c2-l042	algũa	algũa	u
bnf-f0074	c1-l012	algũa	alguã	a
bnf-f0074	c1-l016	algũa	algũa	u
bnf-f0074	c1-l023	algũa	alguã	a
bnf-f0074	c2-l002	dalgũa	dalguã	a
bnf-f0074	c2-l003	algũa	algũa	u
bnf-f0074	c2-l005	dalgũa	dalgũa	u
bnf-f0074	c2-l014	algũa	alguã	a
bnf-f0074	c2-l022	algũa	algũa	u
bnf-f0074	c2-l031	algũa	algũa	u
bnf-f0075	c1-l026	algũa	algũa	u
bnf-f0075	c2-l002	algũa	algũa	u
bnf-f0075	c2-l016	dalgũa	dalguã	a
bnf-f0075	c2-l017	dalgũa	dalguã	a
bnf-f0075	c2-l035	algũa	alguã	a
bnf-f0076	c2-l012	algũa	alguã	a
bnf-f0076	c2-l035	algũa	alguã	a
bnf-f0076	c2-l047	algũa	algũa	u
bnf-f0077	c1-l028	algũa	algũa	u
bnf-f0077	c1-l030	algũa	algũa	u
bnf-f0077	c2-l012	algũa	algũa	u
bnf-f0078	c1-l011	algũa	alguã	a
bnf-f0078	c1-l030	algũa	algũa	u
bnf-f0078	c2-l015	algũa	algũa	u
bnf-f0078	c2-l022	algũa	alguã	a
bnf-f0078	c2-l025	dalgũa	dalguã	a
bnf-f0079	c2-l032	algũas	alguãs	a
bnf-f0080	c1-l030	algũa	algũa	u
bnf-f0080	c2-l040	algũa	algũa	u
bnf-f0081	c1-l018	algũa	algũa	u
bnf-f0081	c1-l035	algũa	algũa	u
bnf-f0082	c2-l001	dalgũa	dalgũa	u
bnf-f0082	c2-l006	Algũa	Algũa	u
bnf-f0083	c1-l020	algũa	algũa	u
bnf-f0084	c1-l007	algũa	alguã	a
bnf-f0084	c1-l023	algũa	alguã	a
bnf-f0084	c1-l025	algũa	alguã	a
bnf-f0085	c1-l046	algũa	alguã	a
bnf-f0085	c2-l032	algũa	algũa	u
bnf-f0085	c2-l034	algũa	algũa	u
bnf-f0086	c1-l009	algũa	algũa	u
bnf-f0086	c1-l011	algũa	alguã	a
bnf-f0086	c1-l040	algũa	algũa	u
bnf-f0086	c2-l016	algũas	alguãs	a
bnf-f0087	c2-l011	algũa	alguã	a
bnf-f0087	c2-l012	algũa	algũa	u
bnf-f0088	c1-l005	algũa	algũa	u
bnf-f0088	c1-l034	algũa	alguã	a
bnf-f0088	c1-l047	algũa	algũa	u
bnf-f0088	c2-l003	algũa	algũa	u
bnf-f0088	c2-l025	algũa	algũa	u
bnf-f0088	c2-l028	algũa	algũa	u
bnf-f0088	c2-l030	algũa	algũa	u
bnf-f0089	c1-l016	algũa	alguã	a
bnf-f0089	c1-l018	algũa	alguã	a
bnf-f0089	c1-l030	algũa	alguã	a
bnf-f0089	c1-l031	algũa	alguã	a
bnf-f0089	c1-l032	algũa	alguã	a
bnf-f0089	c2-l017	algũa	alguã	a
bnf-f0089	c2-l019	algũa	alguã	a
bnf-f0089	c2-l037	algũa	alguã	a
bnf-f0090	c1-l003	algũa	algũa	u
bnf-f0090	c1-l017	algũa	algũa	u
bnf-f0090	c1-l021	algũa	algũa	u
bnf-f0090	c1-l023	algũa	algũa	u
bnf-f0090	c1-l028	algũa	alguã	a
bnf-f0090	c1-l033	algũa	alguã	a
bnf-f0090	c1-l035	algũa	algũa	u
bnf-f0090	c2-l001	algũa	alguã	a
bnf-f0090	c2-l003	algũas	alguãs	a
bnf-f0090	c2-l016	dalgũa	dalguã	a
bnf-f0090	c2-l017	algũa	alguã	a
bnf-f0090	c2-l024	algũa	alguã	a
bnf-f0091	c1-l013	algũa	alguã	a
bnf-f0091	c1-l018	algũa	algũa	u
bnf-f0091	c1-l026	Algũas	Algũas	u
bnf-f0091	c2-l012	algũa	alguã	a
bnf-f0091	c2-l023	algũa	algũa	u
bnf-f0091	c2-l026	algũa	alguã	a
bnf-f0092	c1-l006	algũa	alguã	a
bnf-f0092	c2-l015	algũa	alguã	a
bnf-f0092	c2-l016	algũas	alguãs	a
bnf-f0093	c2-l012	algũa	algũa	u
bnf-f0093	c2-l029	algũa	algũa	u
bnf-f0093	c2-l031	algũa	alguã	a
bnf-f0093	c2-l034	algũa	algũa	u
bnf-f0094	c1-l031	dalgũa	dalguã	a
bnf-f0094	c2-l011	algũa	algũa	u
bnf-f0094	c2-l044	algũas	algũas	u
bnf-f0095	c1-l036	algũa	alguã	a
bnf-f0095	c1-l039	algũa	alguã	a
bnf-f0095	c1-l039	dalgũa	dalgũa	u
bnf-f0095	c2-l025	algũa	alguã	a
bnf-f0096	c1-l017	algũa	algũa	u
bnf-f0096	c1-l019	algũa	algũa	u
bnf-f0097	c1-l009	algũa	algũa	u
bnf-f0097	c2-l001	dalgũa	dalgũa	u
bnf-f0097	c2-l016	algũa	alguã	a
bnf-f0097	c2-l046	nalgũa	nalguã	a
bnf-f0098	c1-l002	algũa	alguã	a
bnf-f0098	c1-l034	algũa	alguã	a
bnf-f0099	c1-l011	algũa	algũa	u
bnf-f0099	c1-l045	algũa	algũa	u
bnf-f0100	c1-l002	algũa	algũa	u
bnf-f0100	c1-l040	algũa	alguã	a
bnf-f0101	c1-l014	algũa	algũa	u
bnf-f0102	c1-l012	algũa	alguã	a
bnf-f0102	c2-l028	algũa	algũa	u
bnf-f0103	c1a-l002	algũa	algũa	u
bnf-f0103	c1a-l004	algũa	algũa	u
bnf-f0103	c1a-l013	algũa	alguã	a
bnf-f0103	c1a-l017	algũa	alguã	a
bnf-f0104	c2-l010	algũa	algũa	u
bnf-f0105	c1-l036	algũa	algũa	u
bnf-f0105	c1-l038	algũa	alguã	a
bnf-f0105	c1-l044	algũa	alguã	a
bnf-f0105	c2-l012	algũa	alguã	a
bnf-f0105	c2-l038	algũa	alguã	a
bnf-f0107	c1-l034	algũa	alguã	a
bnf-f0107	c2-l022	algũa	algũa	u
bnf-f0108	c1-l038	algũa	algũa	u
bnf-f0108	c1-l040	algũa	algũa	u
bnf-f0108	c2-l032	algũa	alguã	a
bnf-f0108	c2-l037	algũa	alguã	a
bnf-f0109	c1-l046	algũa	algũa	u
bnf-f0110	c2-l021	algũa	algũa	u
bnf-f0110	c2-l023	algũa	alguã	a
bnf-f0111	c1-l025	algũa	algũa	u
bnf-f0111	c1-l041	algũa	algũa	u
bnf-f0111	c2-l001	algũa	algũa	u
bnf-f0111	c2-l030	algũa	algũa	u
bnf-f0112	c1-l009	algũa	algũa	u
bnf-f0112	c2-l002	algũa	alguã	a
bnf-f0112	c2-l010	dalgũa	dalgũa	u
bnf-f0112	c2-l036	algũa	algũa	u
bnf-f0113	c2-l038	algũa	algũa	u
bnf-f0114	c1-l007	algũa	alguã	a
bnf-f0114	c1-l008	algũa	algũa	u
bnf-f0114	c1-l027	algũa	alguã	a
bnf-f0114	c2-l014	algũas	alguãs	a
bnf-f0114	c2-l029	algũas	algũas	u
bnf-f0114	c2-l039	algũa	algũa	u
bnf-f0115	c2-l025	algũa	algũa	u
bnf-f0115	c2-l043	algũa	algũa	u
bnf-f0116	c1-l004	algũa	algũa	u
bnf-f0116	c1-l023	algũa	alguã	a
bnf-f0116	c1-l031	dalgũa	dalgũa	u
bnf-f0116	c2-l020	algũa	alguã	a
bnf-f0117	c1-l013	algũa	alguã	a
bnf-f0117	c1-l016	algũa	algũa	u
bnf-f0117	c1-l028	algũa	alguã	a
bnf-f0117	c2-l034	dalgũa	dalguã	a
bnf-f0118	c1-l032	algũa	algũa	u
bnf-f0118	c1-l034	algũa	alguã	a
bnf-f0118	c1-l038	dalgũa	dalgũa	u
bnf-f0118	c2-l030	algũa	algũa	u
bnf-f0118	c2-l033	algũa	algũa	u
bnf-f0118	c2-l038	algũa	algũa	u
bnf-f0119	c1-l013	algũa	algũa	u
bnf-f0119	c2-l020	algũa	algũa	u
bnf-f0119	c2-l046	algũa	algũa	u
bnf-f0120	c1-l045	algũa	algũa	u
bnf-f0120	c2-l003	algũa	alguã	a
bnf-f0120	c2-l024	algũas	algũas	u
bnf-f0121	c1-l044	algũa	algũa	u
bnf-f0121	c2-l010	algũa	algũa	u
bnf-f0122	c1-l010	algũa	algũa	u
bnf-f0122	c1-l040	algũa	algũa	u
bnf-f0122	c2-l019	algũa	algũa	u
bnf-f0124	c2-l017	algũa	algũa	u
bnf-f0124	c2-l036	algũa	algũa	u
bnf-f0125	c1-l011	algũa	algũa	u
bnf-f0125	c1-l013	algũa	algũa	u
bnf-f0125	c2-l005	algũa	algũa	u
bnf-f0127	c2-l007	dalgũas	dalguãs	a
bnf-f0127	c2-l009	dalgũa	dalguã	a
bnf-f0129	c1-l012	algũa	alguã	a
bnf-f0130	c2-l039	algũa	algũa	u
bnf-f0130	c2-l043	dalgũa	dalgũa	u
bnf-f0131	c2-l016	algũa	algũa	u
bnf-f0131	c2-l018	algũa	algũa	u
bnf-f0132	c1-l006	algũa	alguã	a
bnf-f0132	c1-l007	Algũa	Algũa	u
bnf-f0132	c1-l008	algũa	alguã	a
bnf-f0132	c2-l038	algũa	alguã	a
bnf-f0133	c1-l008	algũa	alguã	a
bnf-f0133	c2-l026	algũa	alguã	a
bnf-f0134	c1-l010	algũa	algũa	u
bnf-f0134	c1-l012	algũa	alguã	a
bnf-f0134	c1-l017	algũa	alguã	a
bnf-f0134	c1-l035	algũa	algũa	u
bnf-f0134	c1-l047	algũa	algũa	u
bnf-f0135	c2-l035	algũa	algũa	u
bnf-f0136	c1-l002	algũa	alguã	a
bnf-f0136	c1-l042	algũa	alguã	a
bnf-f0136	c1-l047	algũa	alguã	a
bnf-f0136	c2-l013	algũa	algũa	u
bnf-f0137	c1-l009	algũa	alguã	a
bnf-f0137	c1-l013	algũas	alguãs	a
bnf-f0137	c1-l014	algũa	alguã	a
bnf-f0137	c1-l018	algũa	algũa	u
bnf-f0137	c1-l034	algũa	alguã	a
bnf-f0137	c2-l002	algũa	alguã	a
bnf-f0137	c2-l024	algũas	alguãs	a
bnf-f0137	c2-l034	algũa	alguã	a
bnf-f0137	c2-l038	algũa	algũa	u
bnf-f0248	c1-l024	algũa	algũa	u
bnf-f0248	c1-l032	algũa	algũa	u
bnf-f0248	c2b-l003	algũa	algũa	u
bnf-f0248	c2b-l004	algũa	algũa	u
bnf-f0249	c1-l024	algũa	algũa	u
bnf-f0249	c1-l047	dalgũa	dalgũa	u
bnf-f0249	c2-l038	algũa	algũa	u
bnf-f0250	c1-l035	algũa	algũa	u
bnf-f0250	c2-l040	algũa	algũa	u
bnf-f0643	c2-l003	algũa	algũa	u
bnf-f0643	c2-l006	algũa	algũa	u
bnf-f0643	c2-l016	algũa	algũa	u
bnf-f0643	c2-l018	algũas	algũas	u
bnf-f0643	c2-l027	algũas	algũas	u
